filename	size	container	runtime_s	vcodec	width	height	vbitrate	acodec	channels	abitrate
10000BC.m4v	1082303769	mov,mp4,m4a,3gp,3g2,mj2	6534.389433	h264	720	352	1159060	aac	2	159796
10THINGS_HATE_ABOUT_YOU.m4v	1026688192	mov,mp4,m4a,3gp,3g2,mj2	5859.445233	h264	720	464	1233335	aac	2	161918
27DRESSES_PS.m4v	798552073	mov,mp4,m4a,3gp,3g2,mj2	6649.100778	h264	720	480	794435	aac	2	159884
A_HORSE_FOR_DANNY.m4v	1680451316	mov,mp4,m4a,3gp,3g2,mj2	5517.461333	h264	710	480	2268225	aac	2	163452
A_NIGHT_AT_THE_MUSEUM_D1_WS.m4v	1030589799	mov,mp4,m4a,3gp,3g2,mj2	6516.267422	h264	720	472	1095194	aac	2	164026
ABYSS.m4v	1316271653	mov,mp4,m4a,3gp,3g2,mj2	10262.868078	h264	720	276	855443	aac	2	164694
ABYSS.m4v.mp4	1316271653	mov,mp4,m4a,3gp,3g2,mj2	10262.868078	h264	720	276	855443	aac	2	164694
AGE_OF_ADALINE.m4v.mp4	574100548	mov,mp4,m4a,3gp,3g2,mj2	6749.626200	h264	720	356	508881	aac	2	163997
AQUAMAN.m4v	1490011694	mov,mp4,m4a,3gp,3g2,mj2	8600.008067	h264	720	480	1215263	aac	2	164357
Atlantis.m4v	781902997	mov,mp4,m4a,3gp,3g2,mj2	5746.666667	h264	720	368	922343	aac	2	159973
ATTACK_OF_THE_CLONES_D1.m4v	1208060189	mov,mp4,m4a,3gp,3g2,mj2	8548.918333	h264	720	368	958983	aac	2	165207
AVATAR.mp4	2308530849	mov,mp4,m4a,3gp,3g2,mj2	9702.101333	h264	720	480	1733466	aac	2	164745
AVATAR_small.mp4	1264873803	mov,mp4,m4a,3gp,3g2,mj2	9702.101333	h264	720	480	872904	aac	2	164745
AVENGERS_AGE_OF_ULTRON.mp4	3594595221	mov,mp4,m4a,3gp,3g2,mj2	8478.783000	h264	1920	804	3224220	aac	2	161194
BaptistsAtOurBBQ.m4v	1240055674	mov,mp4,m4a,3gp,3g2,mj2	5567.509333	h264	720	464	1611948	aac	2	163963
BARBIE_FAIRYTOPIA.mp4	398813237	mov,mp4,m4a,3gp,3g2,mj2	1621.453167	h264	720	480	1347089	aac	2	162766
BATMAN_BEGINS.m4v	3119050797	mov,mp4,m4a,3gp,3g2,mj2	8402.922000	h264	1920	800	2798752	aac	2	164365
BATMAN_BEGINS.m4v.mp4	920668615	mov,mp4,m4a,3gp,3g2,mj2	8401.209622	h264	720	364	706481	aac	2	164407
BlindSide.m4v	1383012412	mov,mp4,m4a,3gp,3g2,mj2	7710.415867	h264	720	480	1268839	aac	2	159836
BlindSide.m4v.mp4	1383012412	mov,mp4,m4a,3gp,3g2,mj2	7710.415867	h264	720	480	1268839	aac	2	159836
cars.m4v	813358765	mov,mp4,m4a,3gp,3g2,mj2	6991.466667	h264	480	208	798127	aac	2	127967
Casino Royale.m4v	958755946	mov,mp4,m4a,3gp,3g2,mj2	8652.001756	h264	720	354	715661	aac	2	164368
CASTAWAY.m4v	1153690667	mov,mp4,m4a,3gp,3g2,mj2	8627.977689	h264	718	468	899029	aac	2	164226
CharlieChocolateFactory.m4v	1088777460	mov,mp4,m4a,3gp,3g2,mj2	6892.583211	h264	720	480	1097902	aac	2	159931
CHICKEN_RUN.m4v	668283398	mov,mp4,m4a,3gp,3g2,mj2	5062.058667	h264	720	480	885745	aac	2	164440
ChickenLittle.m4v	644069678	mov,mp4,m4a,3gp,3g2,mj2	4854.316722	h264	720	478	890679	aac	2	164756
CINDERELLA_MAN.m4v	748543570	mov,mp4,m4a,3gp,3g2,mj2	8662.345367	h264	720	362	521642	aac	2	163181
DespicableMe2.m4v	3531685038	mov,mp4,m4a,3gp,3g2,mj2	5880.063063	mjpeg	640	345	6851	aac	2	156820
Doogal.m4v	705981505	mov,mp4,m4a,3gp,3g2,mj2	4607.402778	h264	720	480	1059528	aac	2	160002
DR_SEUSS_THE_LORAX.m4v	745520382	mov,mp4,m4a,3gp,3g2,mj2	5179.249033	h264	720	464	980327	aac	2	165175
DREAMER.m4v	712004010	mov,mp4,m4a,3gp,3g2,mj2	6319.709756	h264	720	354	731199	aac	2	164075
EASY_A.m4v	735872239	mov,mp4,m4a,3gp,3g2,mj2	5545.039500	h264	720	464	893064	aac	2	162102
EDGE_OF_TOMORROW.m4v	783582214	mov,mp4,m4a,3gp,3g2,mj2	6809.702878	h264	720	360	750812	aac	2	163265
Elf.m4v	3143135335	mov,mp4,m4a,3gp,3g2,mj2	5803.178000	h264	1920	1080	4164147	aac	2	162351
EMMA_SMITH.m4v	738043455	mov,mp4,m4a,3gp,3g2,mj2	5838.407533	h264	720	480	840713	aac	2	164565
EMPERORS_NEW_GROOVE.m4v	480225532	mov,mp4,m4a,3gp,3g2,mj2	4705.889222	h264	680	480	645393	aac	2	165263
FAST_FURIOUS_1.m4v	694167043	mov,mp4,m4a,3gp,3g2,mj2	6415.636000	h264	720	364	692916	aac	2	166213
FAST_FURIOUS_2.m4v	938205148	mov,mp4,m4a,3gp,3g2,mj2	6461.146433	h264	720	362	990869	aac	2	164299
FAST_FURIOUS_3.m4v	748733449	mov,mp4,m4a,3gp,3g2,mj2	6255.874600	h264	720	362	786626	aac	2	164414
FAST_FURIOUS_4.m4v	629170486	mov,mp4,m4a,3gp,3g2,mj2	6405.738000	h264	720	354	614815	aac	2	164463
FAST_FURIOUS_5.m4v	939655127	mov,mp4,m4a,3gp,3g2,mj2	7831.124000	h264	720	364	789843	aac	2	163600
FAST_FURIOUS_6.m4v	808380186	mov,mp4,m4a,3gp,3g2,mj2	7816.892400	h264	720	364	656751	aac	2	164086
FAST_FURIOUS_7.m4v	1015708215	mov,mp4,m4a,3gp,3g2,mj2	8246.613356	h264	720	356	814801	aac	2	164111
FindingNemo.m4v	1391441931	mov,mp4,m4a,3gp,3g2,mj2	6033.339144	h264	720	480	1674617	aac	2	164668
FROZEN.m4v	725724174	mov,mp4,m4a,3gp,3g2,mj2	6132.181378	h264	720	384	776356	aac	2	164417
GOLDEN_COLLECTION_VOLUME_3_D2.m4v	2146346056	mov,mp4,m4a,3gp,3g2,mj2	6668.865489	h264	720	478	2404460	aac	1	164425
GOLDEN_COLLECTION_VOLUME_3_D4.m4v	2162904548	mov,mp4,m4a,3gp,3g2,mj2	6636.726511	h264	720	478	2436934	aac	1	164495
GRAVITY.m4v	591499858	mov,mp4,m4a,3gp,3g2,mj2	5459.120300	h264	720	360	696490	aac	2	163835
HARRY_POTTER_GOBLET_OF_FIRE.mp4	940102149	mov,mp4,m4a,3gp,3g2,mj2	9423.573333	h264	640	480	665185	aac	2	127767
HIDDEN_FIGURES.m4v	509556877	mov,mp4,m4a,3gp,3g2,mj2	7603.287333	h264	720	360	373650	aac	2	155998
HITCH.mp4	393128328	mov,mp4,m4a,3gp,3g2,mj2	7096.412880	mpeg4	368	208	306886	aac	2	131077
HOLES.m4v	1281914422	mov,mp4,m4a,3gp,3g2,mj2	7044.981011	h264	710	460	1285234	aac	2	164475
HORTON_HEARS_A_WHO.m4v	763368835	mov,mp4,m4a,3gp,3g2,mj2	5170.014844	h264	720	480	1010021	aac	2	165172
HowToTrainYourDragon-ipad.m4v	912120057	mov,mp4,m4a,3gp,3g2,mj2	5871.018667	h264	720	368	1076911	aac	2	159712
HuckFinn.m4v	842506954	mov,mp4,m4a,3gp,3g2,mj2	4631.059767	h264	716	480	1320469	aac	2	129942
Incredibles.mp4	627261541	mov,mp4,m4a,3gp,3g2,mj2	6924.423344	h264	720	304	587333	aac	2	132342
INDIANA_JONES_LAST_CRUSADE.m4v	1286842848	mov,mp4,m4a,3gp,3g2,mj2	7612.004400	h264	718	480	1181551	aac	2	164416
INDIANA_JONES_RAIDERS_LOST_ARK.m4v	1118477178	mov,mp4,m4a,3gp,3g2,mj2	6916.628000	h264	716	480	1122099	aac	2	165094
INDIANA_JONES_TEMPLE_DOOM.m4v	1199582366	mov,mp4,m4a,3gp,3g2,mj2	7105.620000	h264	716	480	1178265	aac	2	165838
INSIDE_OUT.m4v	874685649	mov,mp4,m4a,3gp,3g2,mj2	5678.601856	h264	720	480	1064399	aac	2	160293
IRON_MAN.m4v	813494573	mov,mp4,m4a,3gp,3g2,mj2	7561.253678	h264	718	360	690721	aac	2	163492
JohnnyLingo.m4v	1494669367	mov,mp4,m4a,3gp,3g2,mj2	5466.994867	h264	720	368	2022274	aac	2	159908
JohnnyLingo.m4v.mp4	1494669367	mov,mp4,m4a,3gp,3g2,mj2	5466.994867	h264	720	368	2022274	aac	2	159908
JUST_GO_WITH_IT.m4v	903057297	mov,mp4,m4a,3gp,3g2,mj2	6991.993322	h264	720	460	867566	aac	2	159186
JUSTICE_LEAGUE.m4v	966397548	mov,mp4,m4a,3gp,3g2,mj2	7202.538000	h264	720	480	902809	aac	2	164175
KarateKid.mp4	837511516	mov,mp4,m4a,3gp,3g2,mj2	7613.546667	h264	640	480	746562	aac	2	127968
KING_AND_I.mp4	1087759492	mov,mp4,m4a,3gp,3g2,mj2	5320.941000	h264	718	464	1079341	aac	2	162855
KNIGHT_AND_DAY_FR.m4v	911707086	mov,mp4,m4a,3gp,3g2,mj2	6571.146078	h264	718	360	939364	aac	2	164622
KNIGHT_AND_DAY_FR.m4v.mp4	911707086	mov,mp4,m4a,3gp,3g2,mj2	6571.146078	h264	718	360	939364	aac	2	164622
KUNG_FU_PANDA.mp4	736497943	mov,mp4,m4a,3gp,3g2,mj2	5518.529656	h264	716	364	898900	aac	2	163780
LastMimzy.m4v	771048628	mov,mp4,m4a,3gp,3g2,mj2	5771.782656	h264	720	368	902448	aac	2	159963
LEAP_YEAR.m4v	632654739	mov,mp4,m4a,3gp,3g2,mj2	6016.485467	h264	720	354	671581	aac	2	163576
LEAP_YEAR.m4v.mp4	632654739	mov,mp4,m4a,3gp,3g2,mj2	6016.485467	h264	720	354	671581	aac	2	163576
LIFE_AS_WE_KNOW_IT.m4v	649400361	mov,mp4,m4a,3gp,3g2,mj2	6874.516000	h264	720	356	594724	aac	2	154503
LION.m4v	483589203	mov,mp4,m4a,3gp,3g2,mj2	7112.872411	h264	720	356	373444	aac	2	163973
LittleRascals.m4v	1290043396									
LOONEY_TUNES_GOLDEN_DISC_1.m4v	2241474900	mov,mp4,m4a,3gp,3g2,mj2	6227.093333	h264	720	480	2709209	aac	1	164688
LOONEY_TUNES_GOLDEN_DISC_2.m4v	2000377075	mov,mp4,m4a,3gp,3g2,mj2	6009.536000	h264	720	480	2492600	aac	1	164628
LOONEY_TUNES_GOLDEN_DISC_3.m4v	2360232690	mov,mp4,m4a,3gp,3g2,mj2	6186.470989	h264	720	480	2881818	aac	1	164662
LOONEY_TUNES_GOLDEN_DISC_4.m4v	1903374071	mov,mp4,m4a,3gp,3g2,mj2	5963.438211	h264	720	480	2383150	aac	1	164549
LOONEY_TUNES_GOLDEN_DISC_6.m4v	2643966652	mov,mp4,m4a,3gp,3g2,mj2	6546.352589	h264	720	478	3060811	aac	1	164374
LOONEY_TUNES_GOLDEN_DISC_7.m4v	1954857339	mov,mp4,m4a,3gp,3g2,mj2	6567.768800	h264	718	478	2210996	aac	1	164389
LOONEY_TUNES_GOLDEN_DISC_8.m4v	2717511339	mov,mp4,m4a,3gp,3g2,mj2	6767.483133	h264	720	478	3042441	aac	1	164511
LOONEY_TUNES_GOLDEN_DISK_5.m4v	2527631638	mov,mp4,m4a,3gp,3g2,mj2	6630.614556	h264	718	478	2880685	aac	1	163107
LOONEY_TUNES_GOLDEN_V4_D1.m4v	2441043018	mov,mp4,m4a,3gp,3g2,mj2	6402.683956	h264	720	478	2879690	aac	1	164543
LOONEY_TUNES_GOLDEN_V4_D2.m4v	3581483459	mov,mp4,m4a,3gp,3g2,mj2	6503.620578	h264	720	478	4235454	aac	1	164425
LOONEY_TUNES_GOLDEN_V4_D3.m4v	1412236091	mov,mp4,m4a,3gp,3g2,mj2	5822.128933	h264	720	478	1770021	aac	1	164611
LOONEY_TUNES_GOLDEN_V4_D4.m4v	2750592759	mov,mp4,m4a,3gp,3g2,mj2	6298.690622	h264	720	478	3323435	aac	1	164477
LOONEY_TUNES_GOLDEN_V5_D1.m4v	2076756199	mov,mp4,m4a,3gp,3g2,mj2	6393.442311	h264	720	478	2428111	aac	1	164690
LOONEY_TUNES_GOLDEN_V5_D2.m4v	2633070351	mov,mp4,m4a,3gp,3g2,mj2	6546.184478	h264	720	478	3047587	aac	1	164375
LOONEY_TUNES_GOLDEN_V5_D3.m4v	3242648796	mov,mp4,m4a,3gp,3g2,mj2	6371.106689	h264	720	478	3901570	aac	1	164470
LOONEY_TUNES_GOLDEN_V5_D4.m4v	2340796311	mov,mp4,m4a,3gp,3g2,mj2	6562.537100	h264	720	478	2683247	aac	1	164460
LOONEYTUNES_GOLD_VOLUME6_DISC1.m4v	2003727399	mov,mp4,m4a,3gp,3g2,mj2	6288.072611	h264	720	480	2379088	aac	1	164536
LOONEYTUNES_GOLD_VOLUME6_DISC2.m4v	2881815808	mov,mp4,m4a,3gp,3g2,mj2	6703.758456	h264	720	480	3268920	aac	1	164510
LOONEYTUNES_GOLD_VOLUME6_DISC3.m4v	2880988074									
LOONEYTUNES_GOLD_VOLUME6_DISC4.m4v	2161851925	mov,mp4,m4a,3gp,3g2,mj2	6343.851344	h264	720	480	2556058	aac	1	164664
LOVEFINDSAHOME.m4v	941933025	mov,mp4,m4a,3gp,3g2,mj2	5287.482189	h264	720	480	1254523	aac	2	164560
MADAGASCAR.m4v	835843106	mov,mp4,m4a,3gp,3g2,mj2	5156.598656	h264	712	464	1125972	aac	2	164696
MAID_MANHATTAN.m4v	659371698	mov,mp4,m4a,3gp,3g2,mj2	6318.003344	h264	720	360	666529	aac	2	161880
MAMMA_MIA.m4v	947055249	mov,mp4,m4a,3gp,3g2,mj2	6526.519978	h264	720	354	989964	aac	2	164409
MARVELS_THE_AVENGERS.m4v	1092304496	mov,mp4,m4a,3gp,3g2,mj2	8575.622911	h264	720	480	847284	aac	2	164198
MARVELS_THE_AVENGERS.m4v.mp4	1092304496	mov,mp4,m4a,3gp,3g2,mj2	8575.622911	h264	720	480	847284	aac	2	164198
Monster_House.m4v	767833284	mov,mp4,m4a,3gp,3g2,mj2	5444.380600	h264	720	480	957937	aac	2	164434
Monster_House.mp4	1105132626	mov,mp4,m4a,3gp,3g2,mj2	5445.882367	h264	720	480	1068104	aac	2	162280
MonstersInc.mp4	725244325	mov,mp4,m4a,3gp,3g2,mj2	5530.517333	h264	688	384	916106	aac	2	127887
MUSIC_AND_LYRICS.m4v	778862756	mov,mp4,m4a,3gp,3g2,mj2	6245.614356	h264	720	480	832501	aac	2	158663
MY_BIG_FAT_GREEK_WEDDING.m4v	630999881	mov,mp4,m4a,3gp,3g2,mj2	5695.848478	h264	720	480	715445	aac	2	164320
MY_SISTERS_KEEPER.m4v	591292466	mov,mp4,m4a,3gp,3g2,mj2	6554.068000	h264	720	360	557992	aac	2	157255
NarniaLionWitchWardrobe.m4v	879646581									
NarniaPrinceCaspian.m4v	1580972838	mov,mp4,m4a,3gp,3g2,mj2	8998.184378	h264	720	356	1239770	aac	2	159784
NATIONAL_TREASURE.m4v	1346742009	mov,mp4,m4a,3gp,3g2,mj2	7864.625333	h264	720	480	1199789	aac	2	164228
NATIONAL_TREASURE.m4v.mp4	1346742009	mov,mp4,m4a,3gp,3g2,mj2	7864.625333	h264	720	480	1199789	aac	2	164228
NationalTreasure2.m4v	1098289217	mov,mp4,m4a,3gp,3g2,mj2	7473.479244	h264	720	358	1009883	aac	2	159770
NEVER_BEEN_KISSED.m4v	954885832	mov,mp4,m4a,3gp,3g2,mj2	6445.514056	h264	718	480	1014325	aac	2	164411
NIGHT_AT_THE_MUSEUM_2.m4v	859256795	mov,mp4,m4a,3gp,3g2,mj2	6284.084544	h264	718	368	923481	aac	2	164353
NOW_YOU_SEE_ME.m4v	845470428	mov,mp4,m4a,3gp,3g2,mj2	6808.920456	h264	720	360	823340	aac	2	163541
OCEANS_ELEVEN.m4v	701543073	mov,mp4,m4a,3gp,3g2,mj2	6994.729156	h264	720	360	635082	aac	2	160793
OCEANS_THIRTEEN.m4v	925836750	mov,mp4,m4a,3gp,3g2,mj2	7326.394056	h264	720	360	849337	aac	2	155136
OCEANS_TWELVE.m4v	718177624	mov,mp4,m4a,3gp,3g2,mj2	7517.524000	h264	720	362	601438	aac	2	156338
OverTheHedge.m4v	728643059	mov,mp4,m4a,3gp,3g2,mj2	4996.328444	h264	720	464	1000696	aac	2	159677
OverTheHedge.m4v.mp4	728643059	mov,mp4,m4a,3gp,3g2,mj2	4996.328444	h264	720	464	1000696	aac	2	159677
PASSENGERS.m4v	574564860	mov,mp4,m4a,3gp,3g2,mj2	6970.964000	h264	720	360	491023	aac	2	161875
PERCY_JACKSON_LIGHTENING_THIEF.m4v	837059046	mov,mp4,m4a,3gp,3g2,mj2	7117.026567	h264	720	368	769780	aac	2	164644
PHANTOM_OF_THE_OPERA_2004.mp4	2177900175	mov,mp4,m4a,3gp,3g2,mj2	8464.497689	h264	720	480	1439596	aac	2	161575
PINK_PANTHER_2.m4v	1010246369	mov,mp4,m4a,3gp,3g2,mj2	5520.890356	h264	720	472	1296275	aac	2	161516
PINK_PANTHER_2.m4v.mp4	1010246369	mov,mp4,m4a,3gp,3g2,mj2	5520.890356	h264	720	472	1296275	aac	2	161516
PIRATES_OF_THE_CARIBBEAN_2.mp4	940565981	mov,mp4,m4a,3gp,3g2,mj2	9042.069333	h264	720	304	699017	aac	2	127805
PIRATES_OF_THE_CARRIBEAN.mp4	892087564	mov,mp4,m4a,3gp,3g2,mj2	8591.440200	h264	688	304	693499	aac	2	131879
PiratesOfTheCaribbean3.mp4	943171268	mov,mp4,m4a,3gp,3g2,mj2	10108.565333	h264	720	304	613270	aac	2	127859
Pocahontas.m4v	1153475126	mov,mp4,m4a,3gp,3g2,mj2	4868.919578	h264	718	390	1729687	aac	2	159659
Porky_and_the_Pigs_NA_D3.m4v	2209349909	mov,mp4,m4a,3gp,3g2,mj2	6540.784900	h264	720	478	2532003	aac	1	164474
PridePrejudice.m4v	981987303	mov,mp4,m4a,3gp,3g2,mj2	7695.996633	h264	718	362	855021	aac	2	159745
PrinceOfEgypt.m4v	655807169	mov,mp4,m4a,3gp,3g2,mj2	5925.611344	h264	718	480	719463	aac	2	159983
PrinceOfPersia.m4v	1183948175	mov,mp4,m4a,3gp,3g2,mj2	6952.989600	h264	720	352	1196221	aac	2	159751
PUSH.m4v	769886706	mov,mp4,m4a,3gp,3g2,mj2	6687.514144	h264	720	368	750491	aac	2	164009
QUANTUM_OF_SOLACE.m4v	774076078	mov,mp4,m4a,3gp,3g2,mj2	6373.492111	h264	720	358	800941	aac	2	164200
Radio.mp4	836016494	mov,mp4,m4a,3gp,3g2,mj2	6558.954667	h264	720	400	886402	aac	2	127962
RATATOUILLE.m4v	685273110	mov,mp4,m4a,3gp,3g2,mj2	6665.685333	h264	720	360	650596	aac	2	165838
READY_PLAYER_ONE.m4v	1078683205	mov,mp4,m4a,3gp,3g2,mj2	8397.396000	h264	720	360	856821	aac	2	164356
RED.m4v	626996986	mov,mp4,m4a,3gp,3g2,mj2	6670.497156	h264	720	362	581206	aac	2	164296
RENFIELD.mp4	962234210	mov,mp4,m4a,3gp,3g2,mj2	5614.900944	h264	720	356	751337	aac	2	162407
RETURN_TO_ME.m4v	1393034231	mov,mp4,m4a,3gp,3g2,mj2	6954.512333	h264	718	468	1432982	aac	2	163420
RETURN_TO_ME.m4v.mp4	1393034231	mov,mp4,m4a,3gp,3g2,mj2	6954.512333	h264	718	468	1432982	aac	2	163420
Robots.m4v	1020373753	mov,mp4,m4a,3gp,3g2,mj2	5384.992233	h264	720	464	1349716	aac	2	159823
RV.m4v	1022793911	mov,mp4,m4a,3gp,3g2,mj2	5925.331200	h264	720	356	1210968	aac	2	163847
RV.m4v.mp4	1022793911	mov,mp4,m4a,3gp,3g2,mj2	5925.331200	h264	720	356	1210968	aac	2	163847
SAVING_MR_BANKS.m4v	681825862	mov,mp4,m4a,3gp,3g2,mj2	7540.065844	h264	720	360	560042	aac	2	156877
SCOOBYDOO_LIVE.m4v	1318749229	mov,mp4,m4a,3gp,3g2,mj2	5192.182100	h264	720	480	1861340	aac	2	164651
SHARK_TALE.m4v	993856787	mov,mp4,m4a,3gp,3g2,mj2	5386.507944	h264	720	462	1307335	aac	2	162722
SHREK.m4v	714138016	mov,mp4,m4a,3gp,3g2,mj2	5404.165400	h264	720	480	886655	aac	2	164511
SHREK.m4v.mp4	714138016	mov,mp4,m4a,3gp,3g2,mj2	5404.165400	h264	720	480	886655	aac	2	164511
Shrek_2.m4v	773914056	mov,mp4,m4a,3gp,3g2,mj2	5544.981067	h264	720	460	946484	aac	2	164028
SHREK_2.mp4	1193856336	mov,mp4,m4a,3gp,3g2,mj2	5544.914367	h264	720	478	1102070	aac	2	163193
SKY_HIGH.m4v	851423487	mov,mp4,m4a,3gp,3g2,mj2	5971.349333	h264	720	478	970912	aac	2	163747
SKYFALL.m4v	863714064	mov,mp4,m4a,3gp,3g2,mj2	8590.076622	h264	718	360	634568	aac	2	163327
SON_OF_THE_MASK.m4v	1193495941	mov,mp4,m4a,3gp,3g2,mj2	5675.044333	h264	712	462	1511816	aac	2	164685
Spiderman.mp4	835837236	mov,mp4,m4a,3gp,3g2,mj2	7272.960000	h264	640	480	781596	aac	2	132699
SPIRIT.m4v	685952026	mov,mp4,m4a,3gp,3g2,mj2	5006.710033	h264	720	480	925592	aac	2	164623
STAR_TREK_BEYOND.m4v	796376786	mov,mp4,m4a,3gp,3g2,mj2	7342.585233	h264	720	360	697623	aac	2	163586
STAR_TREK_XI_DOM.m4v	1106006836	mov,mp4,m4a,3gp,3g2,mj2	7610.304000	h264	718	360	992487	aac	2	164316
STAR_TREK_XI_DOM.m4v.mp4	1106006836	mov,mp4,m4a,3gp,3g2,mj2	7610.304000	h264	718	360	992487	aac	2	164316
STAR_WARS_VII_FORCE_AWAKENS.m4v	899875122	mov,mp4,m4a,3gp,3g2,mj2	8284.985022	h264	720	360	697071	aac	2	165397
STARGATE_ULTIMATE_EDITION.mp4	1962423311	mov,mp4,m4a,3gp,3g2,mj2	7804.530089	h264	720	368	1392109	aac	2	162241
The Hunger Games (HD).m4v	4968840185	mov,mp4,m4a,3gp,3g2,mj2	8551.593260	mjpeg	640	266	2214	aac	2	156160
The Hunger Games Catching Fire (2013).mp4	854967982	mov,mp4,m4a,3gp,3g2,mj2	8615.971244	h264	720	360	623456	aac	2	164094
THE_AMAZING_SPIDER_MAN.m4v	808590013	mov,mp4,m4a,3gp,3g2,mj2	8177.978111	h264	720	360	619979	aac	2	164994
THE_AMAZING_SPIDER_MAN.m4v.mp4	808590013	mov,mp4,m4a,3gp,3g2,mj2	8177.978111	h264	720	360	619979	aac	2	164994
THE_BOURNE_IDENTITY.m4v	769360127	mov,mp4,m4a,3gp,3g2,mj2	7097.532078	h264	720	362	696504	aac	2	164839
THE_BOURNE_IDENTITY.m4v.mp4	769360127	mov,mp4,m4a,3gp,3g2,mj2	7097.532078	h264	720	362	696504	aac	2	164839
THE_BOURNE_SUPREMACY.m4v	807050906	mov,mp4,m4a,3gp,3g2,mj2	6512.581056	h264	720	362	820253	aac	2	165392
THE_BOURNE_SUPREMACY.m4v.mp4	807050906	mov,mp4,m4a,3gp,3g2,mj2	6512.581056	h264	720	362	820253	aac	2	165392
THE_BOURNE_ULTIMATUM.m4v	915621145	mov,mp4,m4a,3gp,3g2,mj2	6919.420811	h264	720	354	887796	aac	2	165056
THE_BOURNE_ULTIMATUM.m4v.mp4	915621145	mov,mp4,m4a,3gp,3g2,mj2	6919.420811	h264	720	354	887796	aac	2	165056
THE_BREAKFAST_CLUB.m4v	428390824	mov,mp4,m4a,3gp,3g2,mj2	5824.944111	h264	720	464	437564	aac	2	144285
THE_CROW.mp4	1833280988	mov,mp4,m4a,3gp,3g2,mj2	6096.573978	h264	718	472	1850918	aac	2	161745
The_Dark_Knight.m4v	3891936223	mov,mp4,m4a,3gp,3g2,mj2	9133.332000	h264	1918	800	3239375	aac	2	163182
THE_HELP.m4v	1029940959	mov,mp4,m4a,3gp,3g2,mj2	8775.450000	h264	720	480	769822	aac	2	162638
THE_LEGO_MOVIE.m4v	865107978	mov,mp4,m4a,3gp,3g2,mj2	6033.429333	h264	720	360	977119	aac	2	163983
THE_LONGEST_RIDE.m4v	699455446	mov,mp4,m4a,3gp,3g2,mj2	7700.244000	h264	720	360	556292	aac	2	163898
THE_MINUTE_YOU_WAKE_UP_DEAD.mp4	1077062602	mov,mp4,m4a,3gp,3g2,mj2	5409.779356	h264	720	356	973635	aac	2	162184
THE_NOTEBOOK.m4v	612259691	mov,mp4,m4a,3gp,3g2,mj2	7428.045789	h264	720	362	490811	aac	2	162111
THE_OTHER_WOMAN.m4v	602814045	mov,mp4,m4a,3gp,3g2,mj2	6549.000778	h264	720	360	567443	aac	2	162430
The_Switch.m4v	564949661	mov,mp4,m4a,3gp,3g2,mj2	6084.103011	h264	718	368	573544	aac	2	162807
THE_TOURIST.m4v	512137533	mov,mp4,m4a,3gp,3g2,mj2	6210.037178	h264	720	354	489377	aac	2	163895
TheHoliday.m4v	816129035	mov,mp4,m4a,3gp,3g2,mj2	8140.507367	h264	720	460	633509	aac	2	162503
TIME_TRAVELERS_WIFE.m4v	627538588	mov,mp4,m4a,3gp,3g2,mj2	6443.995911	h264	720	360	612132	aac	2	160442
TOM_AND_JERRY_WISKERS_AWAY.m4v	15728640									
TOMB_RAIDER.m4v	769863093	mov,mp4,m4a,3gp,3g2,mj2	6034.005333	h264	720	364	850155	aac	2	164589
TOMB_RAIDER.m4v.mp4	769863093	mov,mp4,m4a,3gp,3g2,mj2	6034.005333	h264	720	364	850155	aac	2	164589
TOMB_RAIDER.mp4	732732923	mov,mp4,m4a,3gp,3g2,mj2	6034.069333	h264	716	362	838448	aac	2	127848
WALL_E.m4v	725275842	mov,mp4,m4a,3gp,3g2,mj2	5893.066111	h264	720	360	813290	aac	2	165312
Warm Bodies.m4v	477262653	mov,mp4,m4a,3gp,3g2,mj2	5866.535733	h264	698	360	481220	aac	2	163114
WEDDING_PLANNER.m4v	580797043	mov,mp4,m4a,3gp,3g2,mj2	6230.249167	h264	714	370	575376	aac	2	163897
WOMAN_IN_GOLD.m4v	501272049	mov,mp4,m4a,3gp,3g2,mj2	6540.617400	h264	720	358	442642	aac	2	163979
WONDER_WOMAN.m4v	856781864	mov,mp4,m4a,3gp,3g2,mj2	8476.467978	h264	720	360	637966	aac	2	164169
WORK_AND_GLORY.m4v	1241276417	mov,mp4,m4a,3gp,3g2,mj2	6622.082133	h264	720	480	1330094	aac	2	164493
WORK_AND_GLORY_2.m4v	634299063	mov,mp4,m4a,3gp,3g2,mj2	5987.029333	h264	720	364	676975	aac	2	164542
WORK_AND_THE_GLORY_3.m4v	670113730	mov,mp4,m4a,3gp,3g2,mj2	5553.155933	h264	720	480	795969	aac	2	163630
WRECK_IT_RALPH.m4v	738210501	mov,mp4,m4a,3gp,3g2,mj2	6073.696800	h264	720	360	800517	aac	2	164282
X2_X-MEN_UNITED.m4v	934933910	mov,mp4,m4a,3gp,3g2,mj2	8026.004000	h264	720	480	760845	aac	2	164603
X_MEN_DAYS_OF_FUTURE_PAST.m4v	810314887	mov,mp4,m4a,3gp,3g2,mj2	7895.444000	h264	720	360	650179	aac	2	164394
XMEN.m4v	585302863	mov,mp4,m4a,3gp,3g2,mj2	6257.751478	h264	712	364	576810	aac	2	164808
